{"test": {"hinge": 0.7711623176068403, "empirical": 0.29104138244656663}, "train": {"hinge": 0.742877959150184, "empirical": 0.29707133427858995}}