{"test": {"hinge": 0.6573654203349417, "empirical": 0.29058663028649384}, "train": {"hinge": 0.5498128305294476, "empirical": 0.2245636336967682}}