{"test": {"hinge": 0.7048053948012626, "empirical": 0.3018637335777574}, "train": {"hinge": 0.5700623407969554, "empirical": 0.23274624461640814}}