{"test": {"hinge": 0.6594741324762381, "empirical": 0.28240109140518416}, "train": {"hinge": 0.6365782037642312, "empirical": 0.264313303671833}}