{"test": {"hinge": 0.6557582867259077, "empirical": 0.28058208276489316}, "train": {"hinge": 0.5976186226766674, "empirical": 0.24729868478951744}}