{"test": {"hinge": 0.6308490599824776, "empirical": 0.24924795874516545}, "train": {"hinge": 0.6315179101579793, "empirical": 0.2550746840291076}}