{"test": {"hinge": 0.5989328970789419, "empirical": 0.24795874516544908}, "train": {"hinge": 0.5571054799449151, "empirical": 0.2302278820375335}}