{"test": {"hinge": 0.7008572655043247, "empirical": 0.30094714329361444}, "train": {"hinge": 0.6476798071706171, "empirical": 0.2694422073602017}}