{"test": {"hinge": 0.6921040600781435, "empirical": 0.29178124045218456}, "train": {"hinge": 0.6149709172382272, "empirical": 0.25319513988585035}}