{"test": {"hinge": 0.6010489048469024, "empirical": 0.2522561237645036}, "train": {"hinge": 0.5415534923107026, "empirical": 0.2204136346227499}}