{"test": {"hinge": 0.738891537128477, "empirical": 0.3110296364191873}, "train": {"hinge": 0.7127139174861459, "empirical": 0.2951433873735075}}