{"test": {"hinge": 0.7330083475061283, "empirical": 0.3038246669531586}, "train": {"hinge": 0.7250611542534556, "empirical": 0.2998372271160475}}