{"test": {"hinge": 0.7016685743100002, "empirical": 0.2991139627253284}, "train": {"hinge": 0.5897443915002508, "empirical": 0.2410448545117126}}