{"test": {"hinge": 0.6501156458352967, "empirical": 0.2842201000454752}, "train": {"hinge": 0.5717455538080833, "empirical": 0.23336429863589694}}