{"test": {"hinge": 0.5864059272955763, "empirical": 0.2475290073055436}, "train": {"hinge": 0.5818465918488008, "empirical": 0.2396591344312524}}